Date,Investment,Adj Close,Units Purchased,Cumulative Units Purchased,Total Invested,Acquired Value
2023-02-01,0.0,59708.078125,0.0,0.0,0.0,0.0
2023-02-02,0.0,59932.23828125,0.0,0.0,0.0,0.0
2023-02-03,0.0,60841.87890625,0.0,0.0,0.0,0.0
2023-02-04,0.0,60506.8984375,0.0,0.0,0.0,0.0
2023-02-05,0.0,60506.8984375,0.0,0.0,0.0,0.0
2023-02-06,0.0,60506.8984375,0.0,0.0,0.0,0.0
2023-02-07,0.0,60286.0390625,0.0,0.0,0.0,0.0
2023-02-08,0.0,60663.7890625,0.0,0.0,0.0,0.0
2023-02-09,0.0,60806.21875,0.0,0.0,0.0,0.0
2023-02-10,30000.0,60682.69921875,0.4943748446629821,0.4943748446629854,30000.0,30000.000000000196
2023-02-11,0.0,60431.83984375,0.0,0.4943748446629854,30000.0,29875.98143545232
2023-02-12,0.0,60431.83984375,0.0,0.4943748446629854,30000.0,29875.98143545232
2023-02-13,0.0,60431.83984375,0.0,0.4943748446629854,30000.0,29875.98143545232
2023-02-14,0.0,61032.26171875,0.0,0.4943748446629854,30000.0,30172.814906637705
2023-02-15,0.0,61275.08984375,0.0,0.4943748446629854,30000.0,30292.86302321438
2023-02-16,0.0,61319.51171875,0.0,0.4943748446629854,30000.0,30314.824080767146
2023-02-17,0.0,61002.5703125,0.0,0.4943748446629854,30000.0,30158.136222285033
2023-02-18,0.0,60691.5390625,0.0,0.4943748446629854,30000.0,30004.37019638095
2023-02-19,0.0,60691.5390625,0.0,0.4943748446629854,30000.0,30004.37019638095
2023-02-20,0.0,60691.5390625,0.0,0.4943748446629854,30000.0,30004.37019638095
2023-02-21,0.0,60672.71875,0.0,0.4943748446629854,30000.0,29995.06590731225
2023-02-22,0.0,59744.98046875,0.0,0.4943748446629854,30000.0,29536.41543863138
2023-02-23,0.0,59605.80078125,0.0,0.4943748446629854,30000.0,29467.608502243325
2023-02-24,0.0,59463.9296875,0.0,0.4943748446629854,30000.0,29397.4710023085
2023-02-25,0.0,59288.3515625,0.0,0.4943748446629854,30000.0,29310.669594035407
2023-02-26,0.0,59288.3515625,0.0,0.4943748446629854,30000.0,29310.669594035407
2023-02-27,0.0,59288.3515625,0.0,0.4943748446629854,30000.0,29310.669594035407
2023-02-28,0.0,58962.12109375,0.0,0.4943748446629854,30000.0,29149.38945672279
2023-03-01,0.0,59411.078125,0.0,0.4943748446629854,30000.0,29371.342519307367
2023-03-02,0.0,58909.3515625,0.0,0.4943748446629854,30000.0,29123.301527908134
2023-03-03,0.0,59808.96875,0.0,0.4943748446629854,30000.0,29568.049635234598
2023-03-04,0.0,60224.4609375,0.0,0.4943748446629854,30000.0,29773.458520888595
2023-03-05,0.0,60224.4609375,0.0,0.4943748446629854,30000.0,29773.458520888595
2023-03-06,0.0,60224.4609375,0.0,0.4943748446629854,30000.0,29773.458520888595
2023-03-07,0.0,60348.08984375,0.0,0.4943748446629854,30000.0,29834.577542211795
2023-03-08,0.0,60348.08984375,0.0,0.4943748446629854,30000.0,29834.577542211795
2023-03-09,0.0,59806.28125,0.0,0.4943748446629854,30000.0,29566.721002839568
2023-03-10,30000.0,59135.12890625,0.5073126676963969,1.001687512359382,60000.0,59234.920167152944
2023-03-11,0.0,58237.8515625,0.0,1.001687512359382,60000.0,58336.128656795576
2023-03-12,0.0,58237.8515625,0.0,1.001687512359382,60000.0,58336.128656795576
2023-03-13,0.0,58237.8515625,0.0,1.001687512359382,60000.0,58336.128656795576
2023-03-14,0.0,57900.19140625,0.0,1.001687512359382,60000.0,57997.89869485863
2023-03-15,0.0,57555.8984375,0.0,1.001687512359382,60000.0,57653.02472746862
2023-03-16,0.0,57634.83984375,0.0,1.001687512359382,60000.0,57732.09934831733
2023-03-17,0.0,57989.8984375,0.0,1.001687512359382,60000.0,58087.75710783259
2023-03-18,0.0,57628.94921875,0.0,1.001687512359382,60000.0,57726.19878281484
2023-03-19,0.0,57628.94921875,0.0,1.001687512359382,60000.0,57726.19878281484
2023-03-20,0.0,57628.94921875,0.0,1.001687512359382,60000.0,57726.19878281484
2023-03-21,0.0,58074.6796875,0.0,1.001687512359382,60000.0,58172.68142723981
2023-03-22,0.0,58214.58984375,0.0,1.001687512359382,60000.0,58312.827683607684
2023-03-23,0.0,57925.28125,0.0,1.001687512359382,60000.0,58023.030878030055
2023-03-24,0.0,57527.1015625,0.0,1.001687512359382,60000.0,57624.179257386146
2023-03-25,0.0,57653.859375,0.0,1.001687512359382,60000.0,57751.150975261386
2023-03-26,0.0,57653.859375,0.0,1.001687512359382,60000.0,57751.150975261386
2023-03-27,0.0,57653.859375,0.0,1.001687512359382,60000.0,57751.150975261386
2023-03-28,0.0,57613.71875,0.0,1.001687512359382,60000.0,57710.94261246058
2023-03-29,0.0,57960.08984375,0.0,1.001687512359382,60000.0,58057.89821171222
2023-03-30,0.0,58991.51953125,0.0,1.001687512359382,60000.0,59091.06844955771
2023-03-31,0.0,58991.51953125,0.0,1.001687512359382,60000.0,59091.06844955771
2023-04-01,0.0,59106.44140625,0.0,1.001687512359382,60000.0,59206.18425664213
2023-04-02,0.0,59106.44140625,0.0,1.001687512359382,60000.0,59206.18425664213
2023-04-03,0.0,59106.44140625,0.0,1.001687512359382,60000.0,59206.18425664213
2023-04-04,0.0,59689.30859375,0.0,1.001687512359382,60000.0,59790.03503972492
2023-04-05,0.0,59689.30859375,0.0,1.001687512359382,60000.0,59790.03503972492
2023-04-06,0.0,59832.96875,0.0,1.001687512359382,60000.0,59933.937624264145
2023-04-07,0.0,59846.51171875,0.0,1.001687512359382,60000.0,59947.50344694129
2023-04-08,0.0,59846.51171875,0.0,1.001687512359382,60000.0,59947.50344694129
2023-04-09,0.0,59846.51171875,0.0,1.001687512359382,60000.0,59947.50344694129
2023-04-10,30000.0,59846.51171875,0.5012823494372681,1.5029698617966432,90000.0,89947.50344694087
2023-04-11,0.0,60157.71875,0.0,1.5029698617966432,90000.0,90415.23823568883
2023-04-12,0.0,60392.76953125,0.0,1.5029698617966432,90000.0,90768.51247589933
2023-04-13,0.0,60431.0,0.0,1.5029698617966432,90000.0,90825.97171823295
2023-04-14,0.0,59910.75,0.0,1.5029698617966432,90000.0,90044.05164763324
2023-04-15,0.0,59910.75,0.0,1.5029698617966432,90000.0,90044.05164763324
2023-04-16,0.0,59910.75,0.0,1.5029698617966432,90000.0,90044.05164763324
2023-04-17,0.0,59910.75,0.0,1.5029698617966432,90000.0,90044.05164763324
2023-04-18,0.0,59727.01171875,0.0,1.5029698617966432,90000.0,89767.89854845617
2023-04-19,0.0,59567.80078125,0.0,1.5029698617966432,90000.0,89528.60930772529
2023-04-20,0.0,59632.3515625,0.0,1.5029698617966432,90000.0,89625.62718649946
2023-04-21,0.0,59655.05859375,0.0,1.5029698617966432,90000.0,89659.75517011908
2023-04-22,0.0,60056.1015625,0.0,1.5029698617966432,90000.0,90262.5106654358
2023-04-23,0.0,60056.1015625,0.0,1.5029698617966432,90000.0,90262.5106654358
2023-04-24,0.0,60056.1015625,0.0,1.5029698617966432,90000.0,90262.5106654358
2023-04-25,0.0,60130.7109375,0.0,1.5029698617966432,90000.0,90374.64630746827
2023-04-26,0.0,60300.578125,0.0,1.5029698617966432,90000.0,90629.95157078894
2023-04-27,0.0,60649.37890625,0.0,1.5029698617966432,90000.0,91154.18863277881
2023-04-28,0.0,61112.44140625,0.0,1.5029698617966432,90000.0,91850.15761440701
2023-04-29,0.0,61354.7109375,0.0,1.5029698617966432,90000.0,92214.28141830736
2023-04-30,0.0,61354.7109375,0.0,1.5029698617966432,90000.0,92214.28141830736
2023-05-01,0.0,61354.7109375,0.0,1.5029698617966432,90000.0,92214.28141830736
2023-05-02,0.0,61354.7109375,0.0,1.5029698617966432,90000.0,92214.28141830736
2023-05-03,0.0,61193.30078125,0.0,1.5029698617966432,90000.0,91971.68681807573
2023-05-04,0.0,61749.25,0.0,1.5029698617966432,90000.0,92807.26173854637
2023-05-05,0.0,61054.2890625,0.0,1.5029698617966432,90000.0,91762.75639435793
2023-05-06,0.0,61764.25,0.0,1.5029698617966432,90000.0,92829.80628647332
2023-05-07,0.0,61764.25,0.0,1.5029698617966432,90000.0,92829.80628647332
2023-05-08,0.0,61764.25,0.0,1.5029698617966432,90000.0,92829.80628647332
2023-05-09,0.0,61761.328125,0.0,1.5029698617966432,90000.0,92825.41479640838
2023-05-10,30000.0,61940.19921875,0.4843381257792057,1.9873079875758464,120000.0,123094.25265946107
2023-05-11,0.0,61904.51953125,0.0,1.9873079875758464,120000.0,123023.34613149811
2023-05-12,0.0,62027.8984375,0.0,1.9873079875758464,120000.0,123268.53801738711
2023-05-13,0.0,62345.7109375,0.0,1.9873079875758464,120000.0,123900.12933718855
2023-05-14,0.0,62345.7109375,0.0,1.9873079875758464,120000.0,123900.12933718855
2023-05-15,0.0,62345.7109375,0.0,1.9873079875758464,120000.0,123900.12933718855
2023-05-16,0.0,61932.46875,0.0,1.9873079875758464,120000.0,123078.8898371665
2023-05-17,0.0,61560.640625,0.0,1.9873079875758464,120000.0,122339.95283434865
2023-05-18,0.0,61431.73828125,0.0,1.9873079875758464,120000.0,122083.78417699703
2023-05-19,0.0,61729.6796875,0.0,1.9873079875758464,120000.0,122675.88551346722
2023-05-20,0.0,61963.6796875,0.0,1.9873079875758464,120000.0,123140.91558255997
2023-05-21,0.0,61963.6796875,0.0,1.9873079875758464,120000.0,123140.91558255997
2023-05-22,0.0,61963.6796875,0.0,1.9873079875758464,120000.0,123140.91558255997
2023-05-23,0.0,61981.7890625,0.0,1.9873079875758464,120000.0,123176.90448814748
2023-05-24,0.0,61773.78125,0.0,1.9873079875758464,120000.0,122763.52890088805
2023-05-25,0.0,61872.62109375,0.0,1.9873079875758464,120000.0,122959.95411186318
2023-05-26,0.0,62501.69140625,0.0,1.9873079875758464,120000.0,124210.11056864126
2023-05-27,0.0,62846.37890625,0.0,1.9873079875758464,120000.0,124895.11079060881
2023-05-28,0.0,62846.37890625,0.0,1.9873079875758464,120000.0,124895.11079060881
2023-05-29,0.0,62846.37890625,0.0,1.9873079875758464,120000.0,124895.11079060881
2023-05-30,0.0,62969.12890625,0.0,1.9873079875758464,120000.0,125139.05284608374
2023-05-31,0.0,62622.23828125,0.0,1.9873079875758464,120000.0,124449.67433620607
2023-06-01,0.0,62428.5390625,0.0,1.9873079875758464,120000.0,124064.73433159699
2023-06-02,0.0,62547.109375,0.0,1.9873079875758464,120000.0,124300.3700607176
2023-06-03,0.0,62787.46875,0.0,1.9873079875758464,120000.0,124778.03816654385
2023-06-04,0.0,62787.46875,0.0,1.9873079875758464,120000.0,124778.03816654385
2023-06-05,0.0,62787.46875,0.0,1.9873079875758464,120000.0,124778.03816654385
2023-06-06,0.0,62792.87890625,0.0,1.9873079875758464,120000.0,124788.7898132735
2023-06-07,0.0,63142.9609375,0.0,1.9873079875758464,120000.0,125484.5106302834
2023-06-08,0.0,62848.640625,0.0,1.9873079875758464,120000.0,124899.60552234633
2023-06-09,0.0,62625.62890625,0.0,1.9873079875758464,120000.0,124456.41255235144
2023-06-10,0.0,62724.7109375,0.0,1.9873079875758464,120000.0,124653.3190644798
2023-06-11,0.0,62724.7109375,0.0,1.9873079875758464,120000.0,124653.3190644798
2023-06-12,30000.0,62724.7109375,0.478280402597511,2.4655883901733517,150000.0,154653.31906447947
2023-06-13,0.0,63143.16015625,0.0,2.4655883901733517,150000.0,155685.04260010656
2023-06-14,0.0,63228.51171875,0.0,2.4655883901733517,150000.0,155895.4844216897
2023-06-15,0.0,62917.62890625,0.0,2.4655883901733517,150000.0,155128.9753684853
2023-06-16,0.0,63384.578125,0.0,2.4655883901733517,150000.0,156280.27994103578
2023-06-17,0.0,63168.30078125,0.0,2.4655883901733517,150000.0,155747.02903322826
2023-06-18,0.0,63168.30078125,0.0,2.4655883901733517,150000.0,155747.02903322826
2023-06-19,0.0,63168.30078125,0.0,2.4655883901733517,150000.0,155747.02903322826
2023-06-20,0.0,63327.69921875,0.0,2.4655883901733517,150000.0,156140.03997014003
2023-06-21,0.0,63523.1484375,0.0,2.4655883901733517,150000.0,156621.93729475848
2023-06-22,0.0,63238.890625,0.0,2.4655883901733517,150000.0,155921.0745324424
2023-06-23,0.0,62979.37109375,0.0,2.4655883901733517,150000.0,155281.2061891692
2023-06-24,0.0,62970.0,0.0,2.4655883901733517,150000.0,155258.10092921596
2023-06-25,0.0,62970.0,0.0,2.4655883901733517,150000.0,155258.10092921596
2023-06-26,0.0,62970.0,0.0,2.4655883901733517,150000.0,155258.10092921596
2023-06-27,0.0,63416.03125,0.0,2.4655883901733517,150000.0,156357.83040087047
2023-06-28,0.0,63915.421875,0.0,2.4655883901733517,150000.0,157589.1221280319
2023-06-29,0.0,64718.55859375,0.0,2.4655883901733517,150000.0,159569.3266975038
2023-06-30,0.0,64718.55859375,0.0,2.4655883901733517,150000.0,159569.3266975038
2023-07-01,0.0,65205.05078125,0.0,2.4655883901733517,150000.0,160768.81618691384
2023-07-02,0.0,65205.05078125,0.0,2.4655883901733517,150000.0,160768.81618691384
2023-07-03,0.0,65205.05078125,0.0,2.4655883901733517,150000.0,160768.81618691384
2023-07-04,0.0,65479.05078125,0.0,2.4655883901733517,150000.0,161444.38740582133
2023-07-05,0.0,65446.0390625,0.0,2.4655883901733517,150000.0,161362.99409533167
2023-07-06,0.0,65785.640625,0.0,2.4655883901733517,150000.0,162200.3117651164
2023-07-07,0.0,65280.44921875,0.0,2.4655883901733517,150000.0,160954.71769905105
2023-07-08,0.0,65344.171875,0.0,2.4655883901733517,150000.0,161111.83154049204
2023-07-09,0.0,65344.171875,0.0,2.4655883901733517,150000.0,161111.83154049204
2023-07-10,30000.0,65344.171875,0.4591075093489353,2.924695899522291,180000.0,191111.83154049233
2023-07-11,0.0,65617.84375,0.0,2.924695899522291,180000.0,191912.2385511194
2023-07-12,0.0,65393.8984375,0.0,2.924695899522291,180000.0,191257.2666139334
2023-07-13,0.0,65558.890625,0.0,2.924695899522291,180000.0,191739.81858816787
2023-07-14,0.0,66060.8984375,0.0,2.924695899522291,180000.0,193208.03877891478
2023-07-15,0.0,66589.9296875,0.0,2.924695899522291,180000.0,194755.29430650893
2023-07-16,0.0,66589.9296875,0.0,2.924695899522291,180000.0,194755.29430650893
2023-07-17,0.0,66589.9296875,0.0,2.924695899522291,180000.0,194755.29430650893
2023-07-18,0.0,66795.140625,0.0,2.924695899522291,180000.0,195355.4738939523
2023-07-19,0.0,67097.4375,0.0,2.924695899522291,180000.0,196239.6003247032
2023-07-20,0.0,67571.8984375,0.0,2.924695899522291,180000.0,197627.25428309297
2023-07-21,0.0,66684.2578125,0.0,2.924695899522291,180000.0,195031.17538690605
2023-07-22,0.0,66384.78125,0.0,2.924695899522291,180000.0,194155.29751255928
2023-07-23,0.0,66384.78125,0.0,2.924695899522291,180000.0,194155.29751255928
2023-07-24,0.0,66384.78125,0.0,2.924695899522291,180000.0,194155.29751255928
2023-07-25,0.0,66355.7109375,0.0,2.924695899522291,180000.0,194070.2756887927
2023-07-26,0.0,66707.203125,0.0,2.924695899522291,180000.0,195098.28344828807
2023-07-27,0.0,66266.8203125,0.0,2.924695899522291,180000.0,193810.2976423492
2023-07-28,0.0,66160.203125,0.0,2.924695899522291,180000.0,193498.47479124938
2023-07-29,0.0,66527.671875,0.0,2.924695899522291,180000.0,194573.20913757695
2023-07-30,0.0,66527.671875,0.0,2.924695899522291,180000.0,194573.20913757695
2023-07-31,0.0,66527.671875,0.0,2.924695899522291,180000.0,194573.20913757695
2023-08-01,0.0,66459.3125,0.0,2.924695899522291,180000.0,194373.27875382054
2023-08-02,0.0,65782.78125,0.0,2.924695899522291,180000.0,192394.63058104686
2023-08-03,0.0,65240.6796875,0.0,2.924695899522291,180000.0,190809.1483640785
2023-08-04,0.0,65721.25,0.0,2.924695899522291,180000.0,192214.67038647938
2023-08-05,0.0,65953.4765625,0.0,2.924695899522291,180000.0,192893.86246158328
2023-08-06,0.0,65953.4765625,0.0,2.924695899522291,180000.0,192893.86246158328
2023-08-07,0.0,65953.4765625,0.0,2.924695899522291,180000.0,192893.86246158328
2023-08-08,0.0,65846.5,0.0,2.924695899522291,180000.0,192580.98854789455
2023-08-09,0.0,65995.8125,0.0,2.924695899522291,180000.0,193017.68220439195
2023-08-10,30000.0,65688.1796875,0.4567031716013405,3.3813990711236386,210000.0,222117.94977911515
2023-08-11,0.0,65322.6484375,0.0,3.3813990711236386,210000.0,220881.9427498985
2023-08-12,0.0,65401.921875,0.0,3.3813990711236386,210000.0,221149.99787782578
2023-08-13,0.0,65401.921875,0.0,3.3813990711236386,210000.0,221149.99787782578
2023-08-14,0.0,65401.921875,0.0,3.3813990711236386,210000.0,221149.99787782578
2023-08-15,0.0,65539.421875,0.0,3.3813990711236386,210000.0,221614.94025010528
2023-08-16,0.0,65539.421875,0.0,3.3813990711236386,210000.0,221614.94025010528
2023-08-17,0.0,65151.01953125,0.0,3.3813990711236386,210000.0,220301.59692572677
2023-08-18,0.0,64948.66015625,0.0,3.3813990711236386,210000.0,219617.33912306864
2023-08-19,0.0,65216.08984375,0.0,3.3813990711236386,210000.0,220521.625619972
2023-08-20,0.0,65216.08984375,0.0,3.3813990711236386,210000.0,220521.625619972
2023-08-21,0.0,65216.08984375,0.0,3.3813990711236386,210000.0,220521.625619972
2023-08-22,0.0,65220.03125,0.0,3.3813990711236386,210000.0,220534.9530874047
2023-08-23,0.0,65433.30078125,0.0,3.3813990711236386,210000.0,221256.1024822724
2023-08-24,0.0,65252.33984375,0.0,3.3813990711236386,210000.0,220644.20133630023
2023-08-25,0.0,64886.51171875,0.0,3.3813990711236386,210000.0,219407.19045423434
2023-08-26,0.0,64996.6015625,0.0,3.3813990711236386,210000.0,219779.44814963074
2023-08-27,0.0,64996.6015625,0.0,3.3813990711236386,210000.0,219779.44814963074
2023-08-28,0.0,64996.6015625,0.0,3.3813990711236386,210000.0,219779.44814963074
2023-08-29,0.0,65075.8203125,0.0,3.3813990711236386,210000.0,220047.31835729632
2023-08-30,0.0,65087.25,0.0,3.3813990711236386,210000.0,220085.96669199204
2023-08-31,0.0,64831.41015625,0.0,3.3813990711236386,210000.0,219220.87008197937
2023-09-01,0.0,65387.16015625,0.0,3.3813990711236386,210000.0,221100.08261575634
2023-09-02,0.0,65628.140625,0.0,3.3813990711236386,210000.0,221914.93374894653
2023-09-03,0.0,65628.140625,0.0,3.3813990711236386,210000.0,221914.93374894653
2023-09-04,0.0,65628.140625,0.0,3.3813990711236386,210000.0,221914.93374894653
2023-09-05,0.0,65780.2578125,0.0,3.3813990711236386,210000.0,222429.30266546097
2023-09-06,0.0,65880.5234375,0.0,3.3813990711236386,210000.0,222768.3407567016
2023-09-07,0.0,66265.5625,0.0,3.3813990711236386,210000.0,224070.31148498543
2023-09-08,0.0,66598.90625,0.0,3.3813990711236386,210000.0,225197.4797316003
2023-09-09,0.0,67127.078125,0.0,3.3813990711236386,210000.0,226983.43961911893
2023-09-10,0.0,67127.078125,0.0,3.3813990711236386,210000.0,226983.43961911893
2023-09-11,30000.0,67127.078125,0.4469135382912959,3.8283126094149367,240000.0,256983.43961911908
2023-09-12,0.0,67221.1328125,0.0,3.8283126094149367,240000.0,257343.5103652499
2023-09-13,0.0,67466.9921875,0.0,3.8283126094149367,240000.0,258284.73691070528
2023-09-14,0.0,67519.0,0.0,3.8283126094149367,240000.0,258483.8390750871
2023-09-15,0.0,67838.6328125,0.0,3.8283126094149367,240000.0,259707.4934015636
2023-09-16,0.0,67596.84375,0.0,3.8283126094149367,240000.0,258781.84928477625
2023-09-17,0.0,67596.84375,0.0,3.8283126094149367,240000.0,258781.84928477625
2023-09-18,0.0,67596.84375,0.0,3.8283126094149367,240000.0,258781.84928477625
2023-09-19,0.0,66800.84375,0.0,3.8283126094149367,240000.0,255734.51244768198
2023-09-20,0.0,66800.84375,0.0,3.8283126094149367,240000.0,255734.51244768198
2023-09-21,0.0,66230.2421875,0.0,3.8283126094149367,240000.0,253550.07129101135
2023-09-22,0.0,66009.1484375,0.0,3.8283126094149367,240000.0,252703.65530002353
2023-09-23,0.0,66023.6875,0.0,3.8283126094149367,240000.0,252759.31537632135
2023-09-24,0.0,66023.6875,0.0,3.8283126094149367,240000.0,252759.31537632135
2023-09-25,0.0,66023.6875,0.0,3.8283126094149367,240000.0,252759.31537632135
2023-09-26,0.0,65945.46875,0.0,3.8283126094149367,240000.0,252459.86954940367
2023-09-27,0.0,66118.6875,0.0,3.8283126094149367,240000.0,253123.00507421576
2023-09-28,0.0,65508.3203125,0.0,3.8283126094149367,240000.0,250786.32867393637
2023-09-29,0.0,65828.40625,0.0,3.8283126094149367,240000.0,252011.717704564
2023-09-30,0.0,65512.1015625,0.0,3.8283126094149367,240000.0,250800.80448099072
2023-10-01,0.0,65512.1015625,0.0,3.8283126094149367,240000.0,250800.80448099072
2023-10-02,0.0,65512.1015625,0.0,3.8283126094149367,240000.0,250800.80448099072
2023-10-03,0.0,65512.1015625,0.0,3.8283126094149367,240000.0,250800.80448099072
2023-10-04,0.0,65226.0390625,0.0,3.8283126094149367,240000.0,249705.66780515996
2023-10-05,0.0,65631.5703125,0.0,3.8283126094149367,240000.0,251258.16820304678
2023-10-06,0.0,65995.6328125,0.0,3.8283126094149367,240000.0,252651.9132624119
2023-10-07,0.0,65512.390625,0.0,3.8283126094149367,240000.0,250801.91110260438
2023-10-08,0.0,65512.390625,0.0,3.8283126094149367,240000.0,250801.91110260438
2023-10-09,0.0,65512.390625,0.0,3.8283126094149367,240000.0,250801.91110260438
2023-10-10,30000.0,66079.359375,0.4539995587691788,4.28231216818412,270000.0,282972.44471737393
2023-10-11,0.0,66473.046875,0.0,4.28231216818412,270000.0,284658.3374890859
2023-10-12,0.0,66408.390625,0.0,4.28231216818412,270000.0,284381.4592429617
2023-10-13,0.0,66282.7421875,0.0,4.28231216818412,270000.0,283843.39341014216
2023-10-14,0.0,66166.9296875,0.0,4.28231216818412,270000.0,283347.44813216437
2023-10-15,0.0,66166.9296875,0.0,4.28231216818412,270000.0,283347.44813216437
2023-10-16,0.0,66166.9296875,0.0,4.28231216818412,270000.0,283347.44813216437
2023-10-17,0.0,66428.09375,0.0,4.28231216818412,270000.0,284465.8341749005
2023-10-18,0.0,65877.0234375,0.0,4.28231216818412,270000.0,282105.9790701567
2023-10-19,0.0,65629.2421875,0.0,4.28231216818412,270000.0,281044.90240823384
2023-10-20,0.0,65397.62109375,0.0,4.28231216818412,270000.0,280053.0285800601
2023-10-21,0.0,64571.87890625,0.0,4.28231216818412,270000.0,276516.9427627459
2023-10-22,0.0,64571.87890625,0.0,4.28231216818412,270000.0,276516.9427627459
2023-10-23,0.0,64571.87890625,0.0,4.28231216818412,270000.0,276516.9427627459
2023-10-24,0.0,64049.05859375,0.0,4.28231216818412,270000.0,274278.06297675334
2023-10-25,0.0,64049.05859375,0.0,4.28231216818412,270000.0,274278.06297675334
2023-10-26,0.0,63148.1484375,0.0,4.28231216818412,270000.0,270420.0844522033
2023-10-27,0.0,63782.80078125,0.0,4.28231216818412,270000.0,273137.86390641046
2023-10-28,0.0,64112.6484375,0.0,4.28231216818412,270000.0,274550.37453841686
2023-10-29,0.0,64112.6484375,0.0,4.28231216818412,270000.0,274550.37453841686
2023-10-30,0.0,64112.6484375,0.0,4.28231216818412,270000.0,274550.37453841686
2023-10-31,0.0,63874.9296875,0.0,4.28231216818412,270000.0,273532.38864268636
2023-11-01,0.0,63591.328125,0.0,4.28231216818412,270000.0,272317.91822067654
2023-11-02,0.0,64080.8984375,0.0,4.28231216818412,270000.0,274414.411127077
2023-11-03,0.0,64363.78125,0.0,4.28231216818412,270000.0,275625.8036372159
2023-11-04,0.0,64958.69140625,0.0,4.28231216818412,270000.0,278173.39463830163
2023-11-05,0.0,64958.69140625,0.0,4.28231216818412,270000.0,278173.39463830163
2023-11-06,0.0,64958.69140625,0.0,4.28231216818412,270000.0,278173.39463830163
2023-11-07,0.0,64942.3984375,0.0,4.28231216818412,270000.0,278103.62305996765
2023-11-08,0.0,64975.609375,0.0,4.28231216818412,270000.0,278245.84266174067
2023-11-09,0.0,64832.19921875,0.0,4.28231216818412,270000.0,277631.71560459014
2023-11-10,30000.0,64904.6796875,0.4622162861667693,4.744528454350885,300000.0,307942.09959787363
2023-11-11,0.0,64933.87109375,0.0,4.744528454350885,300000.0,308080.5990554493
2023-11-12,0.0,64933.87109375,0.0,4.744528454350885,300000.0,308080.5990554493
2023-11-13,0.0,64933.87109375,0.0,4.744528454350885,300000.0,308080.5990554493
2023-11-14,0.0,65675.9296875,0.0,4.744528454350885,300000.0,311601.3171682918
2023-11-15,0.0,65675.9296875,0.0,4.744528454350885,300000.0,311601.3171682918
2023-11-16,0.0,65982.4765625,0.0,4.744528454350885,300000.0,313055.7375393216
2023-11-17,0.0,65794.7265625,0.0,4.744528454350885,300000.0,312164.9523220172
2023-11-18,0.0,65655.1484375,0.0,4.744528454350885,300000.0,311502.7199363498
2023-11-19,0.0,65655.1484375,0.0,4.744528454350885,300000.0,311502.7199363498
2023-11-20,0.0,65655.1484375,0.0,4.744528454350885,300000.0,311502.7199363498
2023-11-21,0.0,65930.7734375,0.0,4.744528454350885,300000.0,312810.4305915802
2023-11-22,0.0,66023.2421875,0.0,4.744528454350885,300000.0,313249.1512070935
2023-11-23,0.0,66017.8125,0.0,4.744528454350885,300000.0,313223.3899002515
2023-11-24,0.0,65970.0390625,0.0,4.744528454350885,300000.0,312996.7274666706
2023-11-25,0.0,66174.203125,0.0,4.744528454350885,300000.0,313965.38967055775
2023-11-26,0.0,66174.203125,0.0,4.744528454350885,300000.0,313965.38967055775
2023-11-27,0.0,66174.203125,0.0,4.744528454350885,300000.0,313965.38967055775
2023-11-28,0.0,66174.203125,0.0,4.744528454350885,300000.0,313965.38967055775
2023-11-29,0.0,66901.90625,0.0,4.744528454350885,300000.0,317417.9978534403
2023-11-30,0.0,66988.4375,0.0,4.744528454350885,300000.0,317828.5478312558
2023-12-01,0.0,67481.1875,0.0,4.744528454350885,300000.0,320166.4142271372
2023-12-02,0.0,68865.1171875,0.0,4.744528454350885,300000.0,326732.5080083019
2023-12-03,0.0,68865.1171875,0.0,4.744528454350885,300000.0,326732.5080083019
2023-12-04,0.0,68865.1171875,0.0,4.744528454350885,300000.0,326732.5080083019
2023-12-05,0.0,69296.140625,0.0,4.744528454350885,300000.0,328777.5109720128
2023-12-06,0.0,69653.7265625,0.0,4.744528454350885,300000.0,330474.0876273573
2023-12-07,0.0,69521.6875,0.0,4.744528454350885,300000.0,329847.6245382402
2023-12-08,0.0,69825.6015625,0.0,4.744528454350885,300000.0,331289.5534554488
2023-12-09,0.0,69928.53125,0.0,4.744528454350885,300000.0,331777.90628659003
2023-12-10,0.0,69928.53125,0.0,4.744528454350885,300000.0,331777.90628659003
2023-12-11,30000.0,69928.53125,0.4290094395483245,5.1735378938992085,330000.0,361777.90628659
2023-12-12,0.0,69551.03125,0.0,5.1735378938992085,330000.0,359824.895731643
2023-12-13,0.0,69584.6015625,0.0,5.1735378938992085,330000.0,359998.5730154718
2023-12-14,0.0,70514.203125,0.0,5.1735378938992085,330000.0,364807.9019252935
2023-12-15,0.0,71483.75,0.0,5.1735378938992085,330000.0,369823.88942301756
2023-12-16,0.0,71315.09375,0.0,5.1735378938992085,330000.0,368951.3399225996
2023-12-17,0.0,71315.09375,0.0,5.1735378938992085,330000.0,368951.3399225996
2023-12-18,0.0,71315.09375,0.0,5.1735378938992085,330000.0,368951.3399225996
2023-12-19,0.0,71437.1875,0.0,5.1735378938992085,330000.0,369582.99656483287
2023-12-20,0.0,70506.3125,0.0,5.1735378938992085,330000.0,364767.0794778494
2023-12-21,0.0,70865.1015625,0.0,5.1735378938992085,330000.0,366623.28828860977
2023-12-22,0.0,71106.9609375,0.0,5.1735378938992085,330000.0,367874.556930167
2023-12-23,0.0,71336.796875,0.0,5.1735378938992085,330000.0,369063.6218622031
2023-12-24,0.0,71336.796875,0.0,5.1735378938992085,330000.0,369063.6218622031
2023-12-25,0.0,71336.796875,0.0,5.1735378938992085,330000.0,369063.6218622031
2023-12-26,0.0,71336.796875,0.0,5.1735378938992085,330000.0,369063.6218622031
2023-12-27,0.0,72038.4296875,0.0,5.1735378938992085,330000.0,372693.545805275
2023-12-28,0.0,72410.3828125,0.0,5.1735378938992085,330000.0,374617.8593922167
2023-12-29,0.0,72240.2578125,0.0,5.1735378938992085,330000.0,373737.7112580171
2023-12-30,0.0,71892.4765625,0.0,5.1735378938992085,330000.0,371938.45178235444
2023-12-31,0.0,71892.4765625,0.0,5.1735378938992085,330000.0,371938.45178235444
2024-01-01,0.0,71892.4765625,0.0,5.1735378938992085,330000.0,371938.45178235444
2024-01-02,0.0,71892.4765625,0.0,5.1735378938992085,330000.0,371938.45178235444
2024-01-03,0.0,71356.6015625,0.0,5.1735378938992085,330000.0,369166.0821634612
2024-01-04,0.0,71847.5703125,0.0,5.1735378938992085,330000.0,371706.12759630656
2024-01-05,0.0,72026.1484375,0.0,5.1735378938992085,330000.0,372630.00829301553
2024-01-06,0.0,71355.21875,0.0,5.1735378938992085,330000.0,369158.92813059234
2024-01-07,0.0,71355.21875,0.0,5.1735378938992085,330000.0,369158.92813059234
2024-01-08,0.0,71355.21875,0.0,5.1735378938992085,330000.0,369158.92813059234
2024-01-09,0.0,71386.2109375,0.0,5.1735378938992085,330000.0,369319.2673870384
2024-01-10,30000.0,71657.7109375,0.4186569680709737,5.592194861970199,360000.0,400723.8829252333
2024-01-11,0.0,71721.1796875,0.0,5.592194861970199,360000.0,401078.8125428789
2024-01-12,0.0,72568.453125,0.0,5.592194861970199,360000.0,405816.93070675025
2024-01-13,0.0,73327.9375,0.0,5.592194861970199,360000.0,410064.1153263719
2024-01-14,0.0,73327.9375,0.0,5.592194861970199,360000.0,410064.1153263719
2024-01-15,0.0,73327.9375,0.0,5.592194861970199,360000.0,410064.1153263719
2024-01-16,0.0,73128.7734375,0.0,5.592194861970199,360000.0,408950.3510793703
2024-01-17,0.0,71500.7578125,0.0,5.592194861970199,360000.0,399846.1704660381
2024-01-18,0.0,71186.859375,0.0,5.592194861970199,360000.0,398090.7892366701
2024-01-19,0.0,71683.2265625,0.0,5.592194861970199,360000.0,400866.57127225824
2024-01-20,0.0,70370.546875,0.0,5.592194861970199,360000.0,393525.81066840806
2024-01-21,0.0,70370.546875,0.0,5.592194861970199,360000.0,393525.81066840806
2024-01-22,0.0,70370.546875,0.0,5.592194861970199,360000.0,393525.81066840806
2024-01-23,0.0,70370.546875,0.0,5.592194861970199,360000.0,393525.81066840806
2024-01-24,0.0,71060.3125,0.0,5.592194861970199,360000.0,397383.11445249675
2024-01-25,0.0,70700.671875,0.0,5.592194861970199,360000.0,395371.933997216
2024-01-26,0.0,71941.5703125,0.0,5.592194861970199,360000.0,402311.2798636303
2024-01-27,0.0,71941.5703125,0.0,5.592194861970199,360000.0,402311.2798636303
2024-01-28,0.0,71941.5703125,0.0,5.592194861970199,360000.0,402311.2798636303
2024-01-29,0.0,71941.5703125,0.0,5.592194861970199,360000.0,402311.2798636303
2024-01-30,0.0,71139.8984375,0.0,5.592194861970199,360000.0,397828.1745232693
2024-01-31,0.0,71752.109375,0.0,5.592194861970199,360000.0,401251.7773823988
2024-02-01,0.0,71645.296875,0.0,5.592194861970199,360000.0,400654.46106870455
2024-02-02,0.0,72085.6328125,0.0,5.592194861970199,360000.0,403116.9054359329
2024-02-03,0.0,71731.421875,0.0,5.592194861970199,360000.0,401136.08885119174
2024-02-04,0.0,71731.421875,0.0,5.592194861970199,360000.0,401136.08885119174
2024-02-05,0.0,71731.421875,0.0,5.592194861970199,360000.0,401136.08885119174
2024-02-06,0.0,72186.09375,0.0,5.592194861970199,360000.0,403678.7025744491
2024-02-07,0.0,72152.0,0.0,5.592194861970199,360000.0,403488.0436808738
2024-02-08,0.0,71428.4296875,0.0,5.592194861970199,360000.0,399441.6974970371
2024-02-09,0.0,71595.4921875,0.0,5.592194861970199,360000.0,400375.94355116505
2024-02-10,0.0,71072.4921875,0.0,5.592194861970199,360000.0,397451.2256383546
2024-02-11,0.0,71072.4921875,0.0,5.592194861970199,360000.0,397451.2256383546
2024-02-12,30000.0,71072.4921875,0.4221042357830292,6.014299097753195,390000.0,427451.2256383523
2024-02-13,0.0,71555.1875,0.0,6.014299097753195,390000.0,430354.2996208107
2024-02-14,0.0,71822.828125,0.0,6.014299097753195,390000.0,431963.9703902703
2024-02-15,0.0,72050.3828125,0.0,6.014299097753195,390000.0,433332.55234199105
2024-02-16,0.0,72426.640625,0.0,6.014299097753195,390000.0,435595.4793642324
2024-02-17,0.0,72708.15625,0.0,6.014299097753195,390000.0,437288.5985336733
2024-02-18,0.0,72708.15625,0.0,6.014299097753195,390000.0,437288.5985336733
2024-02-19,0.0,72708.15625,0.0,6.014299097753195,390000.0,437288.5985336733
2024-02-20,0.0,73057.3984375,0.0,6.014299097753195,390000.0,439389.0455068519
2024-02-21,0.0,72623.09375,0.0,6.014299097753195,390000.0,436777.0072166707
2024-02-22,0.0,73158.2421875,0.0,6.014299097753195,390000.0,439995.549981491
2024-02-23,0.0,73142.796875,0.0,6.014299097753195,390000.0,439902.65725245775
2024-02-24,0.0,72790.1328125,0.0,6.014299097753195,390000.0,437781.630099554
2024-02-25,0.0,72790.1328125,0.0,6.014299097753195,390000.0,437781.630099554
2024-02-26,0.0,72790.1328125,0.0,6.014299097753195,390000.0,437781.630099554
2024-02-27,0.0,73095.21875,0.0,6.014299097753195,390000.0,439616.50817819743
2024-02-28,0.0,72304.8828125,0.0,6.014299097753195,390000.0,434863.1914623693
2024-02-29,0.0,72500.296875,0.0,6.014299097753195,390000.0,436038.4700821513
2024-03-01,0.0,73745.3515625,0.0,6.014299097753195,390000.0,443526.60136583593
2024-03-02,0.0,73872.2890625,0.0,6.014299097753195,390000.0,444290.041457557
2024-03-03,0.0,73872.2890625,0.0,6.014299097753195,390000.0,444290.041457557
2024-03-04,0.0,73872.2890625,0.0,6.014299097753195,390000.0,444290.041457557
2024-03-05,0.0,73677.1328125,0.0,6.014299097753195,390000.0,443116.3133992611
2024-03-06,0.0,74085.9921875,0.0,6.014299097753195,390000.0,445575.31596943154
2024-03-07,0.0,74119.390625,0.0,6.014299097753195,390000.0,445776.18416195415
2024-03-08,0.0,73502.640625,0.0,6.014299097753195,390000.0,442066.86519341485
2024-03-09,0.0,73502.640625,0.0,6.014299097753195,390000.0,442066.86519341485
2024-03-10,0.0,73502.640625,0.0,6.014299097753195,390000.0,442066.86519341485
2024-03-11,30000.0,73502.640625,0.4081486018040593,6.4224476995572815,420000.0,472066.86519341683
2024-03-12,0.0,73667.9609375,0.0,6.4224476995572815,420000.0,473128.62625412253
2024-03-13,0.0,72761.890625,0.0,6.4224476995572815,420000.0,467309.43705996976
2024-03-14,0.0,73097.28125,0.0,6.4224476995572815,420000.0,469463.4658079541
2024-03-15,0.0,72643.4296875,0.0,6.4224476995572815,420000.0,466548.6278844355
2024-03-16,0.0,72748.421875,0.0,6.4224476995572815,420000.0,467222.93471751636
2024-03-17,0.0,72748.421875,0.0,6.4224476995572815,420000.0,467222.93471751636
2024-03-18,0.0,72748.421875,0.0,6.4224476995572815,420000.0,467222.93471751636
2024-03-19,0.0,72012.046875,0.0,6.4224476995572815,420000.0,462493.60479275486
2024-03-20,0.0,72101.6875,0.0,6.4224476995572815,420000.0,463069.317018573
2024-03-21,0.0,72641.1875,0.0,6.4224476995572815,420000.0,466534.22755248414
2024-03-22,0.0,72831.9375,0.0,6.4224476995572815,420000.0,467759.3094511747
2024-03-23,0.0,72470.296875,0.0,6.4224476995572815,420000.0,465436.691451077
2024-03-24,0.0,72470.296875,0.0,6.4224476995572815,420000.0,465436.691451077
2024-03-25,0.0,72470.296875,0.0,6.4224476995572815,420000.0,465436.691451077
2024-03-26,0.0,72470.296875,0.0,6.4224476995572815,420000.0,465436.691451077
2024-03-27,0.0,72996.3125,0.0,6.4224476995572815,420000.0,468814.9992917894
2024-03-28,0.0,73651.3515625,0.0,6.4224476995572815,420000.0,473021.9534118627
2024-03-29,0.0,74014.546875,0.0,6.4224476995572815,420000.0,475354.5563111183
2024-03-30,0.0,74014.546875,0.0,6.4224476995572815,420000.0,475354.5563111183
2024-03-31,0.0,74014.546875,0.0,6.4224476995572815,420000.0,475354.5563111183
2024-04-01,0.0,74014.546875,0.0,6.4224476995572815,420000.0,475354.5563111183
2024-04-02,0.0,73903.90625,0.0,6.4224476995572815,420000.0,474643.9726836095
2024-04-03,0.0,73876.8203125,0.0,6.4224476995572815,420000.0,474470.0146666223
2024-04-04,0.0,74227.6328125,0.0,6.4224476995572815,420000.0,476723.08960022323
2024-04-05,0.0,74248.21875,0.0,6.4224476995572815,420000.0,476855.30170716334
2024-04-06,0.0,74742.5,0.0,6.4224476995572815,420000.0,480029.7971841601
2024-04-07,0.0,74742.5,0.0,6.4224476995572815,420000.0,480029.7971841601
2024-04-08,0.0,74742.5,0.0,6.4224476995572815,420000.0,480029.7971841601
2024-04-09,0.0,74683.703125,0.0,6.4224476995572815,420000.0,479652.1773295752
2024-04-10,30000.0,75038.1484375,0.3997966451022881,6.822244344659566,450000.0,511928.5838114594
2024-04-11,0.0,74244.8984375,0.0,6.822244344659566,450000.0,506516.8384850582
2024-04-12,0.0,74244.8984375,0.0,6.822244344659566,450000.0,506516.8384850582
2024-04-13,0.0,73399.78125,0.0,6.822244344659566,450000.0,500751.24253206176
2024-04-14,0.0,73399.78125,0.0,6.822244344659566,450000.0,500751.24253206176
2024-04-15,0.0,73399.78125,0.0,6.822244344659566,450000.0,500751.24253206176
2024-04-16,0.0,72943.6796875,0.0,6.822244344659566,450000.0,497639.6062267058
2024-04-17,0.0,72488.9921875,0.0,6.822244344659566,450000.0,494537.61700124334
2024-04-18,0.0,72488.9921875,0.0,6.822244344659566,450000.0,494537.61700124334
2024-04-19,0.0,73088.328125,0.0,6.822244344659566,450000.0,498626.43321140396
2024-04-20,0.0,73648.6171875,0.0,6.822244344659566,450000.0,502448.8620994192
2024-04-21,0.0,73648.6171875,0.0,6.822244344659566,450000.0,502448.8620994192
2024-04-22,0.0,73648.6171875,0.0,6.822244344659566,450000.0,502448.8620994192
2024-04-23,0.0,73738.453125,0.0,6.822244344659566,450000.0,503061.7448159758
2024-04-24,0.0,73852.9375,0.0,6.822244344659566,450000.0,503842.7851958714
2024-04-25,0.0,74339.4375,0.0,6.822244344659566,450000.0,507161.8070695483
2024-04-26,0.0,73730.15625,0.0,6.822244344659566,450000.0,503005.14150742866
2024-04-27,0.0,74671.28125,0.0,6.822244344659566,450000.0,509425.7262162964
2024-04-28,0.0,74671.28125,0.0,6.822244344659566,450000.0,509425.7262162964
2024-04-29,0.0,74671.28125,0.0,6.822244344659566,450000.0,509425.7262162964
2024-04-30,0.0,74482.78125,0.0,6.822244344659566,450000.0,508139.7331573281
2024-05-01,0.0,74611.109375,0.0,6.822244344659566,450000.0,509015.2189823701
2024-05-02,0.0,74611.109375,0.0,6.822244344659566,450000.0,509015.2189823701
2024-05-03,0.0,73878.1484375,0.0,6.822244344659566,450000.0,504014.7803716543
2024-05-04,0.0,73895.5390625,0.0,6.822244344659566,450000.0,504133.4234647107
2024-05-05,0.0,73895.5390625,0.0,6.822244344659566,450000.0,504133.4234647107
2024-05-06,0.0,73895.5390625,0.0,6.822244344659566,450000.0,504133.4234647107
2024-05-07,0.0,73511.8515625,0.0,6.822244344659566,450000.0,501515.8135877191
2024-05-08,0.0,73466.390625,0.0,6.822244344659566,450000.0,501205.66796395683
2024-05-09,0.0,72404.171875,0.0,6.822244344659566,450000.0,493958.95210397796
2024-05-10,30000.0,72664.46875,0.4128565241867264,7.235100868846274,480000.0,525734.760987378
2024-05-11,0.0,72776.1328125,0.0,7.235100868846274,480000.0,526542.6617429906
2024-05-12,0.0,72776.1328125,0.0,7.235100868846274,480000.0,526542.6617429906
2024-05-13,0.0,72776.1328125,0.0,7.235100868846274,480000.0,526542.6617429906
2024-05-14,0.0,73104.609375,0.0,7.235100868846274,480000.0,528919.22280573
2024-05-15,0.0,72987.03125,0.0,7.235100868846274,480000.0,528068.5332113851
2024-05-16,0.0,73663.71875,0.0,7.235100868846274,480000.0,532964.4355305725
2024-05-17,0.0,73917.03125,0.0,7.235100868846274,480000.0,534797.1770194122
2024-05-18,0.0,73953.3125,0.0,7.235100868846274,480000.0,535059.6755228101
2024-05-19,0.0,73953.3125,0.0,7.235100868846274,480000.0,535059.6755228101
2024-05-20,0.0,73953.3125,0.0,7.235100868846274,480000.0,535059.6755228101
2024-05-21,0.0,73953.3125,0.0,7.235100868846274,480000.0,535059.6755228101
2024-05-22,0.0,74221.0625,0.0,7.235100868846274,480000.0,536996.8737804436
2024-05-23,0.0,75418.0390625,0.0,7.235100868846274,480000.0,545657.119947776
2024-05-24,0.0,75410.390625,0.0,7.235100868846274,480000.0,545601.7827309744
2024-05-25,0.0,75390.5,0.0,7.235100868846274,480000.0,545457.872052755
2024-05-26,0.0,75390.5,0.0,7.235100868846274,480000.0,545457.872052755
2024-05-27,0.0,75390.5,0.0,7.235100868846274,480000.0,545457.872052755
2024-05-28,0.0,75170.453125,0.0,7.235100868846274,480000.0,543865.8107162556
2024-05-29,0.0,74502.8984375,0.0,7.235100868846274,480000.0,539035.985216722
2024-05-30,0.0,73885.6015625,0.0,7.235100868846274,480000.0,534569.7800600734
2024-05-31,0.0,73961.3125,0.0,7.235100868846274,480000.0,535117.5563297608
2024-06-01,0.0,76468.78125,0.0,7.235100868846274,480000.0,553259.3456614907
2024-06-02,0.0,76468.78125,0.0,7.235100868846274,480000.0,553259.3456614907
2024-06-03,0.0,76468.78125,0.0,7.235100868846274,480000.0,553259.3456614907
2024-06-04,0.0,72079.046875,0.0,7.235100868846274,480000.0,521499.1746709238
2024-06-05,0.0,74382.2421875,0.0,7.235100868846274,480000.0,538163.0250775153
2024-06-06,0.0,75074.5078125,0.0,7.235100868846274,480000.0,543171.6367024252
2024-06-07,0.0,76693.359375,0.0,7.235100868846274,480000.0,554884.191048802
2024-06-08,0.0,76490.078125,0.0,7.235100868846274,480000.0,553413.4307003069
2024-06-09,0.0,76490.078125,0.0,7.235100868846274,480000.0,553413.4307003069
2024-06-10,30000.0,76490.078125,0.3922077311906262,7.627308600036898,510000.0,583413.4307003067
2024-06-11,0.0,76456.59375,0.0,7.627308600036898,510000.0,583158.0350389023
2024-06-12,0.0,76606.5703125,0.0,7.627308600036898,510000.0,584301.9525638625
2024-06-13,0.0,76810.8984375,0.0,7.627308600036898,510000.0,585860.4262289045
2024-06-14,0.0,76992.7734375,0.0,7.627308600036898,510000.0,587247.6429805362
2024-06-15,0.0,77301.140625,0.0,7.627308600036898,510000.0,589599.6546817241
2024-06-16,0.0,77301.140625,0.0,7.627308600036898,510000.0,589599.6546817241
2024-06-17,0.0,77301.140625,0.0,7.627308600036898,510000.0,589599.6546817241
2024-06-18,0.0,77301.140625,0.0,7.627308600036898,510000.0,589599.6546817241
2024-06-19,0.0,77337.59375,0.0,7.627308600036898,510000.0,589877.6939155349
2024-06-20,0.0,77478.9296875,0.0,7.627308600036898,510000.0,590955.7067271229
2024-06-21,0.0,77209.8984375,0.0,7.627308600036898,510000.0,588903.7223603192
2024-06-22,0.0,77341.078125,0.0,7.627308600036898,510000.0,589904.2703189381
2024-06-23,0.0,77341.078125,0.0,7.627308600036898,510000.0,589904.2703189381
2024-06-24,0.0,77341.078125,0.0,7.627308600036898,510000.0,589904.2703189381
2024-06-25,0.0,78053.5234375,0.0,7.627308600036898,510000.0,595338.3105780253
2024-06-26,0.0,78674.25,0.0,7.627308600036898,510000.0,600072.7836264529
2024-06-27,0.0,79243.1796875,0.0,7.627308600036898,510000.0,604412.185924738
2024-06-28,0.0,79032.7265625,0.0,7.627308600036898,510000.0,602806.9949945208
2024-06-29,0.0,79476.1875,0.0,7.627308600036898,510000.0,606189.408416895
2024-06-30,0.0,79476.1875,0.0,7.627308600036898,510000.0,606189.408416895
2024-07-01,0.0,79476.1875,0.0,7.627308600036898,510000.0,606189.408416895
2024-07-02,0.0,79441.453125,0.0,7.627308600036898,510000.0,605924.4786197406
2024-07-03,0.0,79986.796875,0.0,7.627308600036898,510000.0,610083.9836940919
2024-07-04,0.0,80049.671875,0.0,7.627308600036898,510000.0,610563.5507223193
2024-07-05,0.0,79996.6015625,0.0,7.627308600036898,510000.0,610158.7670713813
2024-07-06,0.0,79960.3828125,0.0,7.627308600036898,510000.0,609882.5154880238
2024-07-07,0.0,79960.3828125,0.0,7.627308600036898,510000.0,609882.5154880238
2024-07-08,0.0,79960.3828125,0.0,7.627308600036898,510000.0,609882.5154880238
2024-07-09,0.0,80351.640625,0.0,7.627308600036898,510000.0,612866.7595661366
2024-07-10,30000.0,79924.7734375,0.3753529564079347,8.002661556444835,540000.0,639610.9117958446
2024-07-11,0.0,79897.34375,0.0,8.002661556444835,540000.0,639391.401290183
2024-07-12,0.0,80519.34375,0.0,8.002661556444835,540000.0,644369.0567782917
2024-07-13,0.0,80664.859375,0.0,8.002661556444835,540000.0,645533.5690763412
2024-07-14,0.0,80664.859375,0.0,8.002661556444835,540000.0,645533.5690763412
2024-07-15,0.0,80664.859375,0.0,8.002661556444835,540000.0,645533.5690763412
2024-07-16,0.0,80716.546875,0.0,8.002661556444835,540000.0,645947.20664554
2024-07-17,0.0,81343.4609375,0.0,8.002661556444835,540000.0,650964.1877127034
2024-07-18,0.0,81343.4609375,0.0,8.002661556444835,540000.0,650964.1877127034
2024-07-19,0.0,80604.6484375,0.0,8.002661556444835,540000.0,645051.7213215325
2024-07-20,0.0,80502.078125,0.0,8.002661556444835,540000.0,644230.8858248562
2024-07-21,0.0,80502.078125,0.0,8.002661556444835,540000.0,644230.8858248562
2024-07-22,0.0,80502.078125,0.0,8.002661556444835,540000.0,644230.8858248562
2024-07-23,0.0,80429.0390625,0.0,8.002661556444835,540000.0,643646.3789272687
2024-07-24,0.0,80148.8828125,0.0,8.002661556444835,540000.0,641404.383275596
2024-07-25,0.0,80039.796875,0.0,8.002661556444835,540000.0,640531.4054372159
2024-07-26,0.0,81332.71875,0.0,8.002661556444835,540000.0,650878.221621765
2024-07-27,0.0,81355.84375,0.0,8.002661556444835,540000.0,651063.2831702578
2024-07-28,0.0,81355.84375,0.0,8.002661556444835,540000.0,651063.2831702578
2024-07-29,0.0,81355.84375,0.0,8.002661556444835,540000.0,651063.2831702578
2024-07-30,0.0,81455.3984375,0.0,8.002661556444835,540000.0,651859.985640678
2024-07-31,0.0,81741.34375,0.0,8.002661556444835,540000.0,654148.3092002673
2024-08-01,0.0,81867.546875,0.0,8.002661556444835,540000.0,655158.270097008
2024-08-02,0.0,80981.953125,0.0,8.002661556444835,540000.0,648071.1630392552
2024-08-03,0.0,78759.3984375,0.0,8.002661556444835,540000.0,630284.8100845027
2024-08-04,0.0,78759.3984375,0.0,8.002661556444835,540000.0,630284.8100845027
2024-08-05,0.0,78759.3984375,0.0,8.002661556444835,540000.0,630284.8100845027
2024-08-06,0.0,78593.0703125,0.0,8.002661556444835,540000.0,628953.7423928096
2024-08-07,0.0,79468.0078125,0.0,8.002661556444835,540000.0,635955.5710883515
2024-08-08,0.0,78886.21875,0.0,8.002661556444835,540000.0,631299.7101239227
2024-08-09,0.0,79705.90625,0.0,8.002661556444835,540000.0,637859.3917684711
2024-08-10,0.0,79648.921875,0.0,8.002661556444835,540000.0,637403.3651013406
2024-08-11,0.0,79648.921875,0.0,8.002661556444835,540000.0,637403.3651013406
2024-08-12,30000.0,79648.921875,0.3766529325667661,8.379314489011605,570000.0,667403.3651013409
